{"Accuracy": 0.6723926380368098, "Precision": 0.1134020618556701, "Recall": 0.7857142857142857}