{"Accuracy": 0.8294478527607362, "Precision": 0.2191780821917808, "Recall": 0.5614035087719298}